<rec-mapping prefix="edm" schemaVersion="5.2.6" locked="false">
  <facts>
    <entry>
      <string>country</string>
      <string>Netherlands</string>
    </entry>
    <entry>
      <string>schemaVersions</string>
      <string>icn_1.0.4, ese_3.4.0, lido_1.0.2</string>
    </entry>
    <entry>
      <string>baseUrl</string>
      <string>http://devorg.localhost</string>
    </entry>
    <entry>
      <string>provider</string>
      <string>Rijksdienst voor het Cultureel Erfgoed</string>
    </entry>
    <entry>
      <string>rights</string>
      <string>http://creativecommons.org/licenses/by-nc/3.0/nl/</string>
    </entry>
    <entry>
      <string>name</string>
      <string>Collectie Schraven</string>
    </entry>
    <entry>
      <string>language</string>
      <string>nl</string>
    </entry>
    <entry>
      <string>dataProvider</string>
      <string>Collectie Schraven</string>
    </entry>
    <entry>
      <string>type</string>
      <string>IMAGE</string>
    </entry>
    <entry>
      <string>spec</string>
      <string>coll-schraven</string>
    </entry>
    <entry>
      <string>orgId</string>
      <string>devorg</string>
    </entry>
  </facts>
  <functions/>
  <dyn-opts/>
  <node-mappings>
    <node-mapping inputPath="/input" outputPath="/edm:RDF"/>
    <node-mapping inputPath="/input" outputPath="/edm:RDF/ore:Aggregation/@rdf:about">
      <groovy-code>
        <string>
                            &quot;${baseUrl}/resource/aggregation/${spec}/${_uniqueIdentifier.sanitizeURI()}&quot;</string>
      </groovy-code>
    </node-mapping>
    <node-mapping inputPath="/input" outputPath="/edm:RDF/ore:Aggregation/edm:aggregatedCHO/@rdf:resource">
      <groovy-code>
        <string>
                                &quot;${baseUrl}/resource/document/${spec}/${_uniqueIdentifier.sanitizeURI()}&quot;</string>
      </groovy-code>
    </node-mapping>
    <node-mapping inputPath="/facts/dataProvider" outputPath="/edm:RDF/ore:Aggregation/edm:dataProvider"/>
    <node-mapping inputPath="/input/record/pictureurl" outputPath="/edm:RDF/ore:Aggregation/edm:isShownBy/@rdf:resource">
      <groovy-code>
        <string>_input.record * { _record -&gt;</string>
        <string>if (_record.pictureurl[0]) {</string>
        <string>&quot;${_record.pictureurl[0]}&quot;.sanitizeURI()</string>
        <string>}</string>
        <string>}</string>
      </groovy-code>
    </node-mapping>
    <node-mapping inputPath="/input/record/pictureurl" outputPath="/edm:RDF/ore:Aggregation/edm:object/@rdf:resource">
      <groovy-code>
        <string>_input.record * { _record -&gt;</string>
        <string>if (_record.pictureurl[0]) {</string>
        <string>&quot;${_record.pictureurl[0]}&quot;.sanitizeURI()</string>
        <string>}</string>
        <string>}</string>
      </groovy-code>
    </node-mapping>
    <node-mapping inputPath="/facts/provider" outputPath="/edm:RDF/ore:Aggregation/edm:provider"/>
    <node-mapping inputPath="/facts/rights" outputPath="/edm:RDF/ore:Aggregation/edm:rights"/>
    <node-mapping inputPath="/input" outputPath="/edm:RDF/edm:ProvidedCHO/@rdf:about">
      <groovy-code>
        <string>
                            &quot;${baseUrl}/resource/document/${spec}/${_uniqueIdentifier.sanitizeURI()}&quot;</string>
      </groovy-code>
    </node-mapping>
    <node-mapping inputPath="/input/record/achternaam" outputPath="/edm:RDF/edm:ProvidedCHO/dc:creator">
      <siblings>
        <path>/input/voornaam1</path>
      </siblings>
      <groovy-code>
        <string>&quot; ${_M3[&apos;voornaam1&apos;]} ${_M3[&apos;achternaam&apos;]}&quot;</string>
      </groovy-code>
    </node-mapping>
    <node-mapping inputPath="/input/record/jaarvanvervaardiging" outputPath="/edm:RDF/edm:ProvidedCHO/dc:date"/>
    <node-mapping inputPath="/input/record/in" outputPath="/edm:RDF/edm:ProvidedCHO/dc:identifier"/>
    <node-mapping inputPath="/input/record/titel" outputPath="/edm:RDF/edm:ProvidedCHO/dc:title"/>
    <node-mapping inputPath="/facts/type" outputPath="/edm:RDF/edm:ProvidedCHO/edm:type"/>
    <node-mapping inputPath="/input/record/pictureurl" outputPath="/edm:RDF/edm:WebResource/@rdf:about">
      <groovy-code>
        <string>_input.record * { _record -&gt;</string>
        <string>_record.pictureurl * { _pictureurl -&gt;</string>
        <string>&quot;${_pictureurl}&quot;.sanitizeURI()</string>
        <string>}</string>
        <string>}</string>
      </groovy-code>
    </node-mapping>
    <node-mapping inputPath="/input/record/geb" outputPath="/edm:RDF/nave:DcnResource/nave:creatorYearOfBirth"/>
    <node-mapping inputPath="/input/record/techniek" outputPath="/edm:RDF/nave:DcnResource/nave:technique"/>
    <node-mapping inputPath="/constant" outputPath="/edm:RDF/nave:DcnResource/nave:province">
      <groovy-code>
        <string>Noord-Holland</string>
      </groovy-code>
    </node-mapping>
  </node-mappings>
</rec-mapping>